CDT,Max TemperatureF,Mean TemperatureF,Min TemperatureF,Max Dew PointF,MeanDew PointF,Min DewpointF,Max Humidity, Mean Humidity, Min Humidity, Max Sea Level PressureIn, Mean Sea Level PressureIn, Min Sea Level PressureIn, Max VisibilityMiles, Mean VisibilityMiles, Min VisibilityMiles, Max Wind SpeedMPH, Mean Wind SpeedMPH, Max Gust SpeedMPH,PrecipitationIn, CloudCover, Events, WindDirDegrees<br />
4/1/13,77,65,52,58,55,50,100,70,39,30.1,30.03,29.96,10,5,0,12,2,15,0,2,Fog,286<br />
4/2/13,79,65,50,60,55,49,96,70,43,30.11,30.03,29.96,10,10,10,16,6,23,0.03,1,Rain,93<br />
4/3/13,63,57,51,63,57,48,100,92,84,30.04,29.94,29.85,10,9,4,31,8,39,1.22,8,Rain-Thunderstorm,56<br />
4/4/13,55,52,48,49,47,44,93,85,77,30.07,30.01,29.93,10,8,2,15,7,20,0,8,,321<br />
4/5/13,69,58,47,49,45,42,100,73,45,30.2,30.12,30.07,10,10,10,14,5,17,0,5,,343<br />
4/6/13,74,59,44,54,48,42,93,67,41,30.14,30.1,30.04,10,10,10,17,7,24,0,0,,156<br />
4/7/13,79,67,55,59,56,53,93,69,45,30.09,30.02,29.96,10,10,10,16,8,25,0,5,,133<br />
4/8/13,83,70,56,66,61,57,100,74,47,30,29.95,29.91,10,9,5,22,10,31,0,3,,135<br />
4/9/13,87,79,71,70,68,66,93,76,59,29.98,29.93,29.89,10,10,9,25,13,31,0,6,,143<br />
4/10/13,85,79,73,70,69,68,87,74,61,29.94,29.87,29.78,10,10,10,24,15,29,0,7,,151<br />
4/11/13,75,63,50,72,60,48,93,83,72,29.86,29.75,29.69,10,9,2,25,8,32,0.82,6,Rain-Thunderstorm,263<br />
4/12/13,76,60,44,51,45,39,100,64,27,30.01,29.95,29.88,10,10,10,10,2,15,0,0,,348<br />
4/13/13,79,65,50,57,47,42,89,60,30,30.04,29.95,29.87,10,10,4,17,6,29,0.1,1,Rain-Thunderstorm,89<br />
4/14/13,76,66,56,63,58,55,100,82,64,29.86,29.8,29.74,10,8,2,22,9,43,1.8,7,Rain-Thunderstorm,73<br />
4/15/13,80,72,64,73,68,61,100,87,74,29.96,29.89,29.81,10,7,2,14,7,25,0.03,8,Rain,124<br />
4/16/13,85,79,73,72,71,69,93,77,61,30.07,30.02,29.95,10,10,7,17,9,22,0,7,,139<br />
4/17/13,86,79,72,72,70,69,93,79,65,30.07,30,29.92,10,10,8,20,11,28,0,6,,125<br />
4/18/13,86,71,55,71,68,56,100,81,61,29.91,29.84,29.76,10,9,4,26,15,35,0.29,7,Rain,167<br />
4/19/13,62,53,44,55,44,36,93,67,40,30.2,30.06,29.92,10,10,8,16,6,23,0.01,4,Rain,330<br />
4/20/13,70,55,39,47,41,36,100,66,31,30.28,30.2,30.12,10,10,10,17,4,24,0,0,,73<br />
4/21/13,74,59,44,52,45,41,93,62,31,30.22,30.16,30.1,10,10,10,15,6,21,0,0,,69<br />
4/22/13,80,65,50,63,53,48,93,64,35,30.14,30.08,30,10,10,10,13,6,16,0,0,,100<br />
4/23/13,85,75,65,67,64,62,93,72,51,30.06,30.02,29.95,10,10,10,18,10,23,0,6,,152<br />
4/24/13,70,63,55,68,62,52,97,88,78,30.21,30.08,30,10,9,0,16,7,26,1.31,7,Rain-Thunderstorm,94<br />
4/25/13,74,63,52,54,49,42,96,66,35,30.32,30.26,30.21,10,10,9,14,7,20,0,4,,49<br />
4/26/13,80,67,53,63,56,47,93,71,49,30.26,30.22,30.19,10,10,10,14,7,17,0,3,,111<br />
4/27/13,83,74,65,68,65,60,100,74,47,30.18,30.12,30.03,10,7,1,20,8,25,T,5,,141<br />
4/28/13,78,71,63,70,66,61,93,79,64,30.06,30,29.94,10,9,2,14,5,23,0.17,4,Rain-Thunderstorm,185<br />
4/29/13,83,70,57,62,59,55,100,70,40,29.99,29.93,29.86,10,9,7,9,3,12,0,0,,85<br />
4/30/13,75,69,62,68,66,61,100,92,84,29.91,29.88,29.83,10,5,0,23,6,29,0.42,7,Fog-Rain-Thunderstorm,88<br />
5/1/13,79,73,66,70,66,63,100,80,60,29.91,29.87,29.82,10,9,2,17,5,28,0.07,7,Rain-Thunderstorm,85<br />
5/2/13,79,72,64,66,64,63,100,81,62,29.97,29.93,29.87,10,10,10,13,4,23,T,7,Rain,50<br />
5/3/13,68,56,44,66,53,42,100,83,66,30.06,29.98,29.92,10,10,9,17,8,24,0.01,7,Rain,311<br />
5/4/13,72,56,40,51,42,37,96,63,29,30.04,29.97,29.87,10,10,10,29,8,109,0,0,,234<br />
5/5/13,65,56,47,52,43,38,93,67,40,30.06,29.98,29.9,10,10,10,17,6,24,T,2,,313<br />
5/6/13,76,62,47,55,48,44,93,66,38,30.07,30.01,29.94,10,10,10,17,5,22,0,0,,283<br />
5/7/13,81,67,53,58,55,50,93,65,37,30.06,30.02,29.98,10,9,2,17,2,22,0,0,,277<br />
5/8/13,83,70,56,63,58,55,93,67,40,30.12,30.07,30.03,10,10,10,13,5,20,0,1,,191<br />
5/9/13,84,73,61,68,64,60,100,74,47,30.1,30.05,30,10,9,5,23,8,26,0,3,,146<br />
5/10/13,73,68,62,70,66,62,100,92,84,30.06,29.98,29.86,10,7,1,7,7,8,3.16,6,Rain-Thunderstorm,123<br />
5/11/13,79,70,61,67,64,62,100,84,67,30.08,30,29.94,10,8,2,10,3,28,0.59,5,Rain-Thunderstorm,174<br />
5/12/13,80,68,55,62,57,49,100,73,45,30.18,30.12,30.06,10,10,8,13,3,23,0,1,,3<br />
5/13/13,81,66,50,56,48,43,89,59,28,30.3,30.23,30.18,10,10,10,13,4,17,0,0,,75<br />
5/14/13,84,70,55,61,54,48,93,63,33,30.28,30.21,30.15,10,10,10,14,5,25,0,0,,212<br />
5/15/13,83,70,57,64,59,56,93,68,42,30.19,30.12,30.02,10,10,9,15,5,22,T,0,,175<br />
5/16/13,85,73,61,68,63,59,93,69,44,30.04,29.97,29.9,10,10,9,18,9,41,0,2,,157<br />
5/17/13,87,78,69,71,69,66,97,76,55,30.02,29.97,29.94,10,9,6,16,10,26,0,5,,169<br />
5/18/13,88,81,74,72,69,66,93,72,50,30.06,30.01,29.98,10,10,9,16,9,21,0,4,,176<br />
5/19/13,88,81,73,73,70,67,94,73,51,30.01,29.97,29.93,10,9,5,20,10,26,0,3,,158<br />
5/20/13,91,83,75,73,71,69,94,73,52,30,29.95,29.88,10,10,8,17,12,24,0,5,,159<br />
5/21/13,90,83,75,73,72,67,94,72,50,29.96,29.91,29.8,10,10,9,21,10,25,0,5,,149<br />
5/22/13,82,75,67,72,68,66,100,84,67,30,29.94,29.87,10,7,0,14,6,24,2.95,5,Fog-Rain-Thunderstorm,118<br />
5/23/13,90,78,66,74,70,64,100,78,55,30.06,30.02,29.96,10,7,0,23,4,30,0.05,4,Fog-Rain-Thunderstorm,121<br />
5/24/13,90,78,65,71,68,64,100,76,52,30.15,30.11,30.05,10,10,10,23,3,25,0,1,,52<br />
5/25/13,86,76,66,68,62,56,90,68,45,30.23,30.17,30.12,10,10,10,15,6,21,0,0,,78<br />
5/26/13,86,76,66,68,65,61,100,74,47,30.18,30.13,30.1,10,10,10,13,5,16,0,1,,94<br />
5/27/13,88,77,65,69,66,64,100,73,46,30.13,30.07,30,10,10,10,16,7,23,0,2,,140<br />
5/28/13,87,77,67,73,68,65,100,81,61,30.06,30.01,29.97,10,10,9,18,8,24,0.02,3,,113<br />
5/29/13,86,76,66,73,70,65,97,83,69,30.01,29.97,29.92,10,10,8,22,9,29,T,4,Thunderstorm,93<br />
5/30/13,87,80,73,77,74,72,100,83,65,29.99,29.96,29.91,10,10,9,24,9,30,0.11,5,Rain-Thunderstorm,106<br />
5/31/13,89,82,74,76,74,72,100,80,59,30,29.96,29.92,10,10,10,17,8,23,0.07,5,Rain,129<br />
6/1/13,90,82,73,74,72,69,100,78,55,29.96,29.94,29.88,10,10,10,15,6,22,0,3,,163<br />
6/2/13,87,78,68,75,72,66,100,83,65,30.04,29.95,29.87,10,7,1,20,5,26,2.18,6,Rain-Thunderstorm,55<br />
6/3/13,89,81,72,73,71,69,100,76,52,29.94,29.89,29.84,10,10,10,8,2,12,0,4,,17<br />
6/4/13,91,82,72,74,72,70,100,76,52,29.94,29.9,29.84,10,10,6,12,4,16,0,3,,89<br />
6/5/13,91,82,73,75,73,72,100,80,59,29.92,29.87,29.79,10,10,10,13,5,17,0,3,,88<br />
6/6/13,88,79,69,74,71,68,100,78,55,29.88,29.82,29.74,10,9,2,26,6,32,0.43,4,Rain-Thunderstorm,253<br />
6/7/13,87,79,70,72,69,66,100,76,51,29.9,29.85,29.8,10,10,8,12,5,32,0,4,Rain-Thunderstorm,286<br />
6/8/13,88,79,69,71,69,68,100,77,53,29.96,29.93,29.89,10,9,6,21,4,33,T,3,,124<br />
6/9/13,89,80,70,74,71,69,100,76,52,29.97,29.94,29.88,10,9,1,23,5,31,0.59,4,Rain-Thunderstorm,125<br />
6/10/13,90,81,72,76,73,71,100,80,59,30.03,30,29.96,10,10,10,14,5,17,0.04,4,Rain-Thunderstorm,217<br />
6/11/13,93,84,75,77,74,69,100,75,49,30.09,30.05,30,10,8,4,14,3,17,T,4,Rain,222<br />
6/12/13,93,84,74,76,73,68,94,71,47,30.1,30.05,30,10,10,8,9,4,12,0,2,,241<br />
6/13/13,93,84,74,76,74,69,100,75,49,30.07,29.99,29.91,10,10,8,11,4,17,0,2,,282<br />
6/14/13,95,85,74,77,74,69,91,72,52,29.96,29.91,29.86,10,10,9,22,6,35,0,2,,325<br />
6/15/13,94,82,70,75,70,66,93,70,46,30.01,29.97,29.92,10,10,10,18,5,24,0,2,,68<br />
6/16/13,93,85,76,77,74,71,94,73,52,30.05,30,29.96,10,10,7,14,7,24,0.01,3,Rain,243<br />
6/17/13,93,84,74,74,72,67,94,69,44,30.03,29.97,29.92,10,10,10,17,9,22,0,2,,231<br />
6/18/13,91,82,72,73,71,69,93,71,49,30.02,29.96,29.88,10,10,10,22,8,30,0.06,3,Rain-Thunderstorm,238<br />
6/19/13,83,78,72,74,72,69,94,82,69,30.07,30.01,29.95,10,9,2,12,2,14,0.74,5,Rain-Thunderstorm,291<br />
6/20/13,90,81,72,75,72,68,100,77,53,30.12,30.06,30.02,10,9,4,15,4,22,0,2,,286<br />
6/21/13,93,82,71,75,72,70,100,75,49,30.12,30.08,30.04,10,10,10,15,3,28,0,1,,27<br />
6/22/13,92,82,72,75,72,68,94,73,52,30.1,30.05,29.99,10,9,6,17,5,23,0,1,Thunderstorm,106<br />
6/23/13,92,82,71,75,72,69,100,75,49,30.07,30.04,29.99,10,8,0,30,4,36,1.4,3,Fog-Rain-Thunderstorm,77<br />
6/24/13,88,80,72,75,73,69,100,78,55,30.13,30.09,30.04,10,9,4,23,3,32,0.77,3,Rain-Thunderstorm,186<br />
6/25/13,91,82,73,75,71,65,94,69,44,30.09,30.05,29.99,10,10,10,13,5,20,0,2,,188<br />
6/26/13,92,82,72,74,72,69,93,71,49,30.06,30.01,29.95,10,10,10,18,5,25,0,2,,229<br />
6/27/13,93,84,75,77,74,72,94,73,52,30.03,29.98,29.92,10,10,10,10,4,,0,1,,266<br />
6/28/13,93,85,77,77,75,71,97,75,52,29.96,29.89,29.78,10,10,10,15,9,17,0,2,,255<br />
6/29/13,88,80,72,79,75,71,94,81,68,29.83,29.78,29.7,10,9,2,26,7,31,0.25,4,Rain-Thunderstorm,237<br />
6/30/13,90,81,72,75,67,58,100,67,34,29.82,29.77,29.73,10,10,6,29,5,22,0,1,,295<br />
7/1/13,87,78,68,67,65,62,93,71,48,29.94,29.88,29.81,10,10,10,8,3,10,0,1,,324<br />
7/2/13,89,78,67,67,65,63,93,70,46,30.01,29.96,29.92,10,10,10,12,4,23,0,2,,32<br />
7/3/13,90,80,69,72,68,64,93,70,47,30.03,29.99,29.95,10,9,2,21,4,26,0.48,3,Rain-Thunderstorm,60<br />
7/4/13,90,79,68,73,70,68,100,75,50,29.98,29.96,29.91,10,9,6,12,3,15,0,2,,44<br />
7/5/13,85,78,71,75,72,69,94,82,69,30.01,29.98,29.96,10,9,5,20,6,26,0,4,,89<br />
7/6/13,88,79,70,74,72,70,100,80,59,30.01,29.98,29.95,10,10,6,16,6,20,0,4,,69<br />
7/7/13,88,81,73,75,73,72,100,82,63,30.1,30.03,29.98,10,10,4,18,6,23,0.05,5,Rain,135<br />
7/8/13,92,82,71,75,73,70,100,75,49,30.17,30.12,30.06,10,10,5,20,3,28,T,3,Thunderstorm,118<br />
7/9/13,92,82,72,75,73,69,100,76,52,30.19,30.12,30.07,10,10,9,13,4,16,0,3,Thunderstorm,193<br />
7/10/13,93,85,76,76,74,70,94,72,49,30.12,30.05,29.97,10,10,10,13,7,17,0,1,,244<br />
7/11/13,91,82,73,76,74,71,94,75,56,30.01,29.98,29.93,10,10,10,21,7,29,0.05,3,Rain-Thunderstorm,266<br />
7/12/13,96,84,71,75,71,67,100,71,42,29.96,29.91,29.85,10,10,7,9,2,13,T,2,,342<br />
7/13/13,92,81,69,70,67,63,90,66,41,29.95,29.91,29.88,10,10,10,17,4,26,T,2,,18<br />
7/14/13,91,81,70,74,70,66,93,75,56,30,29.96,29.9,10,8,0,32,5,63,0.9,3,Fog-Rain-Thunderstorm,73<br />
7/15/13,90,80,70,75,72,70,100,82,63,30.12,30.07,29.99,10,9,0,22,6,43,0.92,3,Fog-Rain-Thunderstorm,68<br />
7/16/13,86,79,72,75,73,71,100,85,70,30.17,30.12,30.08,10,10,9,16,7,20,0,3,Thunderstorm,61<br />
7/17/13,92,83,74,75,73,68,100,76,52,30.22,30.17,30.12,10,10,8,18,6,23,T,3,Rain-Thunderstorm,74<br />
7/18/13,90,82,73,74,71,67,100,74,47,30.17,30.1,30.01,10,9,0,28,2,35,0.35,2,Fog-Rain-Thunderstorm,25<br />
7/19/13,92,82,71,75,71,69,93,71,49,30.06,30.01,29.95,10,10,10,12,2,20,T,2,Rain-Thunderstorm,32<br />
7/20/13,92,83,73,75,72,68,94,75,55,30,29.97,29.92,10,10,2,25,3,56,0.17,2,Rain-Thunderstorm,195<br />
7/21/13,86,80,74,75,73,71,100,83,65,30.09,30.03,29.98,10,9,2,26,7,44,0.44,4,Rain-Thunderstorm,190<br />
7/22/13,90,83,76,79,75,72,100,84,68,30.06,30.02,29.99,10,10,2,28,9,33,T,3,Rain-Thunderstorm,201<br />
7/23/13,93,85,76,77,75,70,97,73,49,30.07,30,29.92,10,10,6,18,10,22,0,2,,236<br />
7/24/13,91,83,75,76,74,71,94,73,52,29.99,29.94,29.88,10,10,10,18,8,24,0.01,2,Rain-Thunderstorm,255<br />
7/25/13,92,83,73,74,73,70,100,76,52,30.05,30,29.93,10,10,10,8,2,12,0,3,,326<br />
7/26/13,93,81,69,75,71,68,100,76,52,30.07,30.02,29.95,10,10,10,35,4,67,T,1,Rain,220<br />
7/27/13,84,79,74,77,75,73,94,90,85,29.96,29.91,29.87,10,8,0,21,8,93,1.28,5,Fog-Rain-Thunderstorm,228<br />
7/28/13,90,81,71,75,73,71,100,78,56,30.01,29.97,29.9,10,9,0,9,1,11,0,3,Fog,26<br />
7/29/13,94,84,73,77,74,70,100,75,49,30.1,30.06,30.01,10,10,7,12,2,17,0,2,,322<br />
7/30/13,93,85,76,76,74,71,100,78,56,30.15,30.1,30.06,10,10,8,10,4,13,0,1,,256<br />
7/31/13,94,86,77,77,74,72,88,69,49,30.11,30.05,29.97,10,10,10,12,5,14,0,1,,252<br />
8/1/13,93,85,76,77,74,67,91,72,52,30.04,29.99,29.92,10,10,10,21,5,25,0,2,,260<br />
8/2/13,95,84,73,79,74,71,93,71,49,30.01,29.97,29.93,10,9,5,17,2,21,0.05,2,Rain,252<br />
8/3/13,94,85,75,77,75,71,94,72,49,30.07,30.02,29.99,10,10,5,10,2,13,0,2,,266<br />
8/4/13,96,86,76,77,75,70,100,72,43,30.11,30.05,29.98,10,10,9,15,3,22,0,2,,269<br />
8/5/13,94,86,77,79,75,69,94,73,52,30.07,30.01,29.95,10,10,6,14,6,20,0,2,,250<br />
8/6/13,94,85,76,79,76,72,91,70,49,30.02,29.97,29.9,10,10,10,16,7,20,0,2,,250<br />
8/7/13,95,86,77,79,76,70,94,70,46,29.99,29.94,29.88,10,10,8,12,5,18,0,2,,246<br />
8/8/13,95,86,76,78,75,72,97,73,49,29.97,29.92,29.87,10,10,7,13,2,15,0,2,Thunderstorm,133<br />
8/9/13,93,85,77,77,75,72,94,75,56,30.02,29.96,29.93,10,9,6,16,4,21,T,3,Rain-Thunderstorm,82<br />
8/10/13,96,86,76,76,73,67,94,68,41,30.07,30.03,29.98,10,10,10,21,4,26,0,3,Thunderstorm,91<br />
8/11/13,90,83,75,75,74,72,94,80,65,30.11,30.08,30.05,10,10,6,17,5,21,0.09,3,Rain-Thunderstorm,108<br />
8/12/13,91,83,75,77,74,71,94,77,59,30.11,30.07,30.02,10,9,2,29,3,33,0.32,3,Rain-Thunderstorm,236<br />
8/13/13,91,81,71,77,73,68,100,80,60,30.04,30,29.94,10,9,2,22,6,29,0.6,5,Rain-Thunderstorm,266<br />
8/14/13,79,76,72,75,73,66,94,90,85,30.01,29.97,29.93,10,8,0,13,4,16,1.15,6,Rain-Thunderstorm,263<br />
8/15/13,89,80,71,73,71,69,100,78,55,30.01,29.96,29.93,10,9,5,7,3,9,0,4,,20<br />
8/16/13,90,81,71,72,70,68,93,73,52,29.99,29.95,29.91,10,10,8,9,3,14,0,1,,12<br />
8/17/13,88,80,71,73,72,70,100,81,61,29.98,29.95,29.92,10,10,9,18,6,23,T,3,,52<br />
8/18/13,85,78,70,73,70,68,100,81,61,30.02,29.99,29.95,10,10,6,14,5,21,0,4,,36<br />
8/19/13,88,80,71,73,72,71,100,80,59,30.06,30.01,29.97,10,10,6,14,2,17,0.03,5,Rain,40<br />
8/20/13,92,82,72,76,73,70,100,75,49,30.06,30.03,29.99,10,9,2,24,3,28,0.42,3,Rain-Thunderstorm,68<br />
8/21/13,91,82,72,76,73,70,94,81,68,30.12,30.07,30.04,10,9,1,26,5,37,0.29,3,Rain-Thunderstorm,62<br />
8/22/13,92,83,73,75,73,72,100,76,52,30.09,30.04,29.97,10,10,8,15,4,18,T,2,Rain,48<br />
8/23/13,92,83,73,75,73,71,100,78,56,30.01,29.98,29.92,10,10,8,21,6,24,0,2,,64<br />
8/24/13,86,80,73,73,72,71,94,78,61,30.09,30.03,29.98,10,10,10,17,8,24,0,2,,75<br />
8/25/13,88,80,72,73,72,70,93,78,63,30.16,30.12,30.08,10,10,10,17,9,23,T,3,Rain,77<br />
8/26/13,89,81,73,75,73,72,100,81,61,30.19,30.14,30.1,10,9,2,17,5,21,0.41,4,Rain-Thunderstorm,74<br />
8/27/13,89,79,69,72,69,65,100,73,46,30.14,30.09,30.04,10,9,5,12,2,21,0,0,,44<br />
8/28/13,89,78,66,70,66,63,100,72,43,30.1,30.05,30.02,10,10,8,10,2,17,0,0,,48<br />
8/29/13,90,78,66,71,67,64,100,72,44,30.09,30.04,29.99,10,9,6,8,1,12,0,1,,25<br />
8/30/13,92,81,69,72,69,65,97,71,44,30.06,29.99,29.93,10,7,2,7,1,10,0,1,,279<br />
8/31/13,92,81,70,74,71,69,100,75,49,30,29.93,29.86,10,9,5,12,2,14,0,1,,263<br />
9/1/13,94,84,74,76,73,69,94,72,49,29.96,29.91,29.85,10,10,6,13,6,21,0,2,,248<br />
9/2/13,94,85,75,75,73,70,94,70,46,29.99,29.93,29.86,10,10,10,12,6,15,0,2,,253<br />
9/3/13,95,85,75,76,74,71,100,75,49,29.99,29.93,29.87,10,9,2,18,4,28,0.49,2,Rain-Thunderstorm,262<br />
9/4/13,93,83,73,76,74,72,100,76,52,30.06,30.01,29.96,10,8,0,16,2,21,0.87,2,Fog-Rain-Thunderstorm,119<br />
9/5/13,92,83,73,77,74,72,100,78,56,30.11,30.06,30.03,10,8,1,22,3,25,0.36,2,Rain,80<br />
9/6/13,92,83,73,75,73,71,100,76,52,30.11,30.04,29.99,10,10,9,16,3,22,T,3,Rain-Thunderstorm,74<br />
9/7/13,93,83,72,76,72,66,100,73,46,30.06,30.01,29.96,10,9,3,23,3,26,0.11,2,Rain-Thunderstorm,47<br />
9/8/13,92,81,70,73,71,69,100,75,49,30.02,29.98,29.93,10,8,5,17,3,21,0.03,1,Rain,72<br />
9/9/13,91,81,70,74,70,65,100,71,41,30.05,30.01,29.96,10,9,6,13,4,17,0,1,,92<br />
9/10/13,93,81,69,74,72,69,100,76,52,30.11,30.07,30.02,10,9,4,21,5,24,0,1,,87<br />
9/11/13,92,83,73,73,71,67,94,69,44,30.12,30.07,30.01,10,9,5,15,5,21,0,1,,74<br />
9/12/13,94,83,71,73,69,62,100,69,38,30.06,29.99,29.91,10,10,6,12,3,22,0,1,,58<br />
9/13/13,94,83,71,73,71,69,93,70,46,29.95,29.89,29.81,10,10,8,22,3,28,0.02,3,Rain-Thunderstorm,350<br />
9/14/13,91,82,72,73,70,67,94,71,47,29.98,29.92,29.88,10,10,7,15,4,22,0,2,,67<br />
9/15/13,92,82,71,73,70,66,94,69,44,30.05,30,29.96,10,10,8,12,4,15,0,1,,85<br />
9/16/13,93,82,71,75,71,66,100,71,41,30.08,30.04,29.99,10,9,6,14,5,22,0,1,,81<br />
9/17/13,94,84,73,75,71,65,93,66,39,30.08,30.02,29.95,10,9,4,13,6,25,0,1,,83<br />
9/18/13,87,81,75,73,71,68,88,74,59,30.06,30.01,29.96,10,9,6,17,10,,0,2,,93<br />
9/19/13,92,83,73,76,73,71,93,75,56,30.03,29.98,29.95,10,10,10,22,8,28,T,3,Rain,89<br />
9/20/13,92,84,75,78,75,73,94,75,56,29.98,29.88,29.79,10,10,5,22,9,30,0.04,3,Rain,134<br />
9/21/13,80,75,69,77,73,68,100,93,85,29.8,29.77,29.73,10,6,1,24,6,31,4.67,7,Rain,75<br />
9/22/13,83,75,66,68,64,58,97,71,45,29.83,29.79,29.76,10,10,9,15,5,20,0,6,,37<br />
9/23/13,88,76,64,76,67,58,93,77,61,29.84,29.82,29.78,10,10,10,14,6,18,0,4,,79<br />
9/24/13,91,82,72,79,75,71,100,82,64,29.85,29.82,29.78,10,10,6,17,5,25,0.23,5,,106<br />
9/25/13,90,79,67,73,67,58,100,69,37,29.86,29.82,29.78,10,7,0,13,3,18,0,2,Fog,302<br />
9/26/13,89,76,63,68,64,61,100,70,40,29.95,29.9,29.83,10,10,10,9,1,13,0,0,,19<br />
9/27/13,89,77,65,71,67,64,100,73,46,30.02,29.98,29.94,10,9,3,9,4,20,0,1,,82<br />
9/28/13,88,78,68,70,67,63,97,71,45,30.07,30.02,29.98,10,10,6,14,5,25,0,1,,88<br />
9/29/13,84,75,66,70,67,64,93,74,55,30.05,29.99,29.94,10,10,7,10,3,13,T,2,,67<br />
9/30/13,85,78,71,72,70,67,93,79,65,29.96,29.93,29.9,10,10,7,17,4,24,0.08,5,Rain-Thunderstorm,93<br />
10/1/13,86,79,71,74,72,67,100,83,65,30.02,29.99,29.94,10,9,1,23,5,45,0.52,5,Rain-Thunderstorm,91<br />
10/2/13,86,79,72,74,72,70,100,81,61,30.05,30.01,29.96,10,9,6,13,5,15,T,3,Rain,80<br />
10/3/13,88,80,72,75,73,70,100,80,59,30.03,29.98,29.92,10,6,0,12,5,17,0.02,5,Fog-Rain,87<br />
10/4/13,87,80,73,74,73,72,94,78,61,30.02,29.98,29.94,10,10,10,23,6,31,T,3,,95<br />
10/5/13,85,79,72,76,73,71,100,87,74,30,29.95,29.88,10,7,0,23,6,31,0.45,5,Fog-Rain,83<br />
10/6/13,76,67,57,72,64,50,100,79,57,29.99,29.91,29.86,10,10,7,14,5,21,T,4,Rain,328<br />
10/7/13,76,65,54,57,52,49,90,67,43,30.07,30.02,29.98,10,10,10,12,4,21,0,0,,345<br />
10/8/13,78,66,54,59,54,51,93,68,43,30.08,30.04,29.99,10,10,10,11,2,15,0,0,,357<br />
10/9/13,82,68,53,63,57,51,93,66,39,30.1,30.05,30.02,10,10,10,9,2,11,0,0,,44<br />
10/10/13,82,72,62,67,64,60,100,77,54,30.12,30.06,29.99,10,5,0,8,3,14,0,4,Fog,57<br />
10/11/13,86,74,62,72,67,62,100,82,63,30.05,30,29.95,10,6,0,15,3,22,0,4,Fog,69<br />
10/12/13,89,77,65,72,68,64,100,73,46,30.12,30.04,29.98,10,7,0,13,4,16,0.33,4,Fog-Rain-Thunderstorm,211<br />
10/13/13,89,80,70,72,70,67,100,76,51,30.17,30.1,30.03,10,10,7,8,3,23,0,3,,45<br />
10/14/13,86,77,67,68,66,62,90,69,48,30.12,30.07,30.01,10,10,10,10,4,15,0,1,,72<br />
10/15/13,85,75,64,70,67,63,100,78,55,30.05,30,29.94,10,9,4,13,4,20,0,4,,131<br />
10/16/13,83,76,68,74,69,67,97,81,65,30.01,29.96,29.9,10,9,2,13,5,28,0.03,5,Rain,151<br />
10/17/13,75,67,59,72,64,58,100,84,68,30.04,29.98,29.92,10,10,4,10,4,22,T,7,Rain,304<br />
10/18/13,75,65,55,61,56,53,100,75,50,30.06,29.99,29.94,10,10,10,16,5,20,0.02,1,Rain,65<br />
10/19/13,74,65,56,61,58,54,97,75,53,30.05,29.99,29.93,10,8,1,10,4,69,1.24,6,Rain,358<br />
10/20/13,74,63,51,57,52,49,96,71,46,30.09,30.04,29.99,10,10,9,9,2,25,0,1,,38<br />
10/21/13,72,63,53,62,58,52,100,84,68,30.07,30.01,29.96,10,10,10,10,4,21,0,3,,67<br />
10/22/13,78,67,56,63,60,55,100,78,56,30.04,29.99,29.95,10,9,7,14,3,21,0,3,,324<br />
10/23/13,76,64,51,56,51,46,96,66,36,30.14,30.1,30.04,10,10,7,9,2,20,0,0,,336<br />
10/24/13,79,63,47,59,52,47,93,63,32,30.24,30.18,30.13,10,10,9,9,2,12,0,0,,234<br />
10/25/13,70,60,49,55,45,40,84,60,36,30.41,30.33,30.24,10,10,10,16,7,21,0,0,,36<br />
10/26/13,77,61,44,55,45,39,93,63,33,30.3,30.24,30.15,10,10,10,8,2,20,0,0,,75<br />
10/27/13,73,62,51,63,58,50,100,84,68,30.15,30.1,30.05,10,9,5,12,4,15,T,2,Rain,117<br />
10/28/13,83,72,61,67,63,60,93,72,51,30.18,30.12,30.06,10,9,4,9,3,28,T,5,Rain,137<br />
10/29/13,82,71,60,65,63,60,100,78,55,30.22,30.19,30.14,10,7,0,15,6,20,0,2,Fog,86<br />
10/30/13,80,72,63,68,65,63,100,84,67,30.17,30.12,30.01,10,6,0,15,7,22,0,2,Fog,96<br />
10/31/13,81,72,63,70,67,63,100,85,69,29.99,29.87,29.8,10,6,0,29,9,39,1.26,6,Fog-Rain,208<br />
11/1/13,75,64,53,64,58,50,100,72,43,29.96,29.89,29.85,10,8,0,12,3,25,0,3,Fog,288<br />
11/2/13,72,62,51,55,48,39,100,66,31,30.19,30.06,29.95,10,10,10,13,4,18,T,1,,341<br />
11/3/13,67,54,41,47,43,40,96,68,40,30.26,30.19,30.13,10,10,10,15,4,20,0,0,,64<br />
11/4/13,77,61,45,57,51,44,100,73,46,30.22,30.17,30.12,10,10,10,17,8,23,0,1,,77<br />
11/5/13,76,69,61,63,60,55,90,77,64,30.19,30.14,30.11,10,10,10,24,12,30,0,6,,93<br />
11/6/13,81,71,60,72,66,58,100,84,67,30.12,30.09,30.04,10,9,2,13,5,17,0.3,5,Rain,52<br />
11/7/13,67,57,47,64,47,38,93,67,40,30.34,30.25,30.12,10,10,8,15,7,32,0,4,,350<br />
11/8/13,66,54,42,45,39,35,93,64,34,30.36,30.28,30.21,10,10,10,20,5,23,0,0,,46<br />
11/9/13,72,58,43,54,48,41,92,70,47,30.25,30.2,30.16,10,10,10,8,3,15,0,0,,37<br />
11/10/13,77,66,54,54,51,49,86,65,43,30.28,30.23,30.19,10,10,10,12,4,20,0,2,,33<br />
11/11/13,76,63,49,55,50,46,93,66,38,30.26,30.2,30.15,10,10,10,8,2,13,0,0,,60<br />
11/12/13,72,55,38,52,44,29,96,73,49,30.52,30.34,30.2,10,10,10,17,7,26,0,0,,11<br />
11/13/13,58,45,32,32,26,21,76,50,24,30.57,30.49,30.43,10,10,10,16,6,21,0,0,,30<br />
11/14/13,68,51,33,49,39,27,89,67,44,30.42,30.27,30.13,10,10,10,13,5,16,0,3,,81<br />
11/15/13,75,65,55,63,57,49,93,77,61,30.12,30.05,29.97,10,9,3,12,5,17,T,6,,63<br />
11/16/13,82,73,63,67,65,61,100,79,58,30.03,29.98,29.92,10,8,1,18,9,21,T,7,,118<br />
11/17/13,82,76,70,73,71,68,100,87,74,29.97,29.92,29.87,10,9,2,22,11,28,0.01,7,Rain,177<br />
11/18/13,79,68,57,73,57,38,100,64,27,30.12,30.02,29.96,10,8,2,16,6,26,0.04,6,Rain,1<br />
11/19/13,67,56,44,40,34,28,66,45,24,30.18,30.12,30.07,10,10,10,17,7,22,0,1,,40<br />
11/20/13,73,56,39,57,43,33,93,63,33,30.12,30.09,30.02,10,10,9,9,4,18,0,1,,90<br />
11/21/13,71,64,56,64,60,54,100,91,81,30.18,30.13,30.1,10,7,1,16,9,22,0,7,,91<br />
11/22/13,73,68,62,66,64,62,100,87,73,30.26,30.19,30.15,10,8,2,15,5,21,0.1,5,Rain,78<br />
11/23/13,64,55,46,63,52,39,100,88,76,30.37,30.26,30.18,10,8,1,15,6,25,0.02,7,Rain,13<br />
11/24/13,54,46,38,37,28,22,76,53,30,30.42,30.36,30.3,10,10,10,17,9,24,0,0,,30<br />
11/25/13,47,44,40,45,38,26,100,77,53,30.32,30.08,29.92,10,6,2,13,6,21,0.22,8,Rain,26<br />
11/26/13,48,44,39,47,41,37,100,93,86,30.11,29.94,29.8,10,8,1,21,9,28,1.02,8,Rain,335<br />
11/27/13,49,40,31,36,29,24,92,66,39,30.44,30.29,30.13,10,10,10,14,6,21,0,1,,325<br />
11/28/13,51,39,26,32,26,23,92,64,36,30.51,30.46,30.42,10,9,4,10,2,22,0,0,,90<br />
11/29/13,62,45,27,34,28,23,96,60,23,30.56,30.48,30.43,10,9,4,12,2,20,0,0,,62<br />
11/30/13,68,49,29,38,32,27,92,58,24,30.45,30.36,30.27,10,10,7,7,1,9,0,0,,95<br />
12/1/13,70,53,35,49,43,34,92,68,44,30.29,30.16,30.01,10,9,7,9,2,13,0,0,,171<br />
12/2/13,75,66,56,63,58,50,93,77,60,30,29.85,29.75,10,10,10,20,8,25,T,7,,191<br />
12/3/13,80,72,63,67,64,61,100,76,51,29.81,29.76,29.7,10,8,0,23,10,30,T,7,Fog,179<br />
12/4/13,82,76,69,70,68,66,97,80,62,29.92,29.86,29.8,10,9,6,20,10,25,T,6,,167<br />
12/5/13,84,78,71,72,70,67,93,78,62,30.01,29.94,29.9,10,10,10,20,10,23,T,7,Rain,166<br />
12/6/13,73,56,38,72,52,35,100,92,84,30.26,30.04,29.92,10,7,1,14,6,23,0.29,8,Rain,303<br />
12/7/13,39,37,34,37,34,31,92,86,79,30.36,30.29,30.26,10,7,2,14,6,23,0,8,,20<br />
12/8/13,46,42,38,45,41,37,100,96,92,30.25,30.13,30.05,10,4,1,9,3,16,2.05,8,Rain-Thunderstorm,3<br />
12/9/13,52,46,40,48,46,39,100,92,83,30.17,30.11,30.07,10,8,2,14,4,20,0.02,8,Rain,9<br />
12/10/13,51,43,35,37,34,30,92,71,50,30.4,30.32,30.18,10,10,6,17,6,30,0.02,4,Rain,354<br />
12/11/13,52,42,32,42,35,30,92,77,61,30.44,30.39,30.34,10,10,10,9,3,12,0,6,,27<br />
12/12/13,56,46,35,34,30,27,82,57,32,30.53,30.46,30.38,10,10,10,14,5,17,0,0,,31<br />
12/13/13,61,48,34,54,39,25,86,70,53,30.36,30.16,29.92,10,10,10,15,7,19,0,3,,91<br />
12/14/13,68,58,48,63,56,41,93,83,73,30.13,29.92,29.83,10,9,1,16,8,24,0.68,7,Rain,265<br />
12/15/13,54,45,35,41,35,32,92,69,46,30.33,30.24,30.13,10,10,10,16,5,24,0,4,,337<br />
12/16/13,62,46,30,36,32,28,96,63,29,30.38,30.31,30.25,10,9,6,6,0,15,0,0,,230<br />
12/17/13,66,48,30,43,36,28,100,67,34,30.37,30.3,30.25,10,9,5,10,2,21,0,0,,243<br />
12/18/13,68,51,34,42,38,32,96,67,37,30.38,30.29,30.21,10,9,6,10,4,13,0,0,,110<br />
12/19/13,74,59,43,58,53,40,93,75,57,30.2,30.11,30.01,10,10,10,17,7,24,0,7,,125<br />
12/20/13,80,71,62,67,63,59,90,76,62,30.04,29.98,29.94,10,10,10,21,10,26,T,7,Rain,134<br />
12/21/13,80,71,61,70,66,58,90,79,67,29.92,29.8,29.71,10,10,5,31,15,40,0.09,8,Rain-Thunderstorm,162<br />
12/22/13,67,59,50,59,54,47,93,78,63,30.21,30.01,29.83,10,10,8,17,3,26,0.05,7,Rain,328<br />
12/23/13,50,42,33,45,33,28,86,68,50,30.51,30.37,30.2,10,10,10,15,7,23,0,4,,347<br />
12/24/13,55,41,27,32,28,25,92,65,38,30.56,30.47,30.38,10,10,9,12,3,17,0,0,,33<br />
12/25/13,50,40,29,31,26,23,85,59,33,30.42,30.37,30.32,10,10,10,10,4,13,0,1,,56<br />
12/26/13,60,46,32,36,32,27,89,62,35,30.42,30.35,30.29,10,10,10,10,2,14,0,0,,46<br />
12/27/13,55,48,41,35,33,30,76,57,38,30.44,30.36,30.3,10,10,10,13,4,16,T,2,Rain,29<br />
12/28/13,51,48,44,49,44,33,100,78,56,30.29,30.12,30,10,8,2,10,4,14,0.52,8,Rain,334<br />
12/29/13,64,53,42,46,42,35,100,67,34,30.14,30.07,30.01,10,7,0,8,2,18,0,4,Fog,286<br />
12/30/13,54,47,40,45,41,38,92,79,66,30.37,30.22,30.12,10,10,10,9,2,12,0,1,,330<br />
12/31/13,47,44,40,39,36,34,85,73,60,30.43,30.38,30.31,10,10,8,9,3,17,T,3,Rain,42<br />
1/1/14,58,51,44,54,48,39,93,85,76,30.31,30.17,30.04,10,6,2,10,3,14,0.3,8,Rain,95<br />
1/2/14,56,46,35,55,44,22,100,70,40,30.39,30.11,29.98,10,7,2,18,7,29,0.02,5,Rain,323<br />
1/3/14,48,38,28,24,20,14,78,53,28,30.47,30.38,30.28,10,10,10,14,4,20,0,0,,54<br />
1/4/14,62,44,26,48,35,20,100,74,48,30.28,30.14,30.02,10,9,2,14,6,18,0,2,,99<br />
1/5/14,70,52,34,63,48,24,100,81,61,30.23,29.98,29.83,10,9,2,23,10,29,0.16,7,Rain,273<br />
1/6/14,34,29,24,23,12,4,69,50,31,30.63,30.5,30.26,10,10,10,16,9,32,0,2,,339<br />
1/7/14,38,29,19,16,10,5,68,48,27,30.69,30.6,30.51,10,10,9,10,3,14,0,0,,47<br />
1/8/14,51,36,20,32,21,12,84,58,31,30.5,30.41,30.34,10,10,10,16,7,20,0,2,,94<br />
1/9/14,68,53,38,48,40,29,83,68,52,30.32,30.26,30.19,10,10,10,16,9,21,0,2,,94<br />
1/10/14,68,59,50,66,56,47,100,87,73,30.17,30.01,29.84,10,5,0,21,10,28,0.15,8,Fog-Rain-Thunderstorm,117<br />
1/11/14,71,56,41,66,54,30,93,58,23,30.12,29.93,29.83,10,9,2,21,9,30,0.46,5,Rain,248<br />
1/12/14,69,52,34,42,34,31,92,58,23,30.21,30.13,30.06,10,10,10,17,6,21,0,0,,160<br />
1/13/14,67,60,52,62,54,35,100,74,47,30.05,29.94,29.84,10,8,2,21,8,27,0.39,5,Rain-Thunderstorm,196<br />
1/14/14,66,52,37,38,33,25,85,54,22,30.13,30.08,30.04,10,10,10,12,4,15,0,0,,268<br />
1/15/14,55,44,33,38,25,14,82,52,22,30.29,30.21,30.09,10,10,10,18,7,28,0,0,,318<br />
1/16/14,62,45,28,44,32,24,92,59,25,30.22,30.15,30.08,10,10,10,21,8,24,0,0,,204<br />
1/17/14,59,48,37,43,25,10,86,53,19,30.27,30.2,30.11,10,10,10,23,7,31,0,0,,297<br />
1/18/14,61,44,27,41,24,14,78,49,20,30.31,30.22,30.11,10,10,10,17,7,21,0,0,,198<br />
1/19/14,65,51,36,51,37,24,100,62,24,30.26,30.17,30.12,10,10,10,14,4,17,T,1,,276<br />
1/20/14,70,51,31,55,41,28,93,61,29,30.13,30.05,29.96,10,10,7,12,5,17,0,0,,210<br />
1/21/14,60,47,33,58,34,12,100,59,17,30.25,30.09,29.97,10,10,10,22,9,34,0,3,,315<br />
1/22/14,56,41,26,32,22,14,81,52,22,30.28,30.21,30.16,10,10,10,12,3,13,0,0,,106<br />
1/23/14,52,42,32,34,29,21,85,60,35,30.62,30.38,30.2,10,10,10,20,9,28,T,6,,40<br />
1/24/14,32,30,27,26,23,20,92,81,69,30.63,30.53,30.35,10,8,2,17,6,23,0.21,8,Rain-Snow,24<br />
1/25/14,54,40,25,36,28,22,100,73,45,30.33,30.21,30.06,10,7,0,15,6,19,0,4,Fog,250<br />
1/26/14,66,51,35,52,43,34,96,68,39,30.04,29.95,29.86,10,10,10,15,5,19,0,3,,158<br />
1/27/14,61,51,40,57,47,14,100,67,33,30.14,29.96,29.85,10,6,0,15,7,22,0.25,8,Fog-Rain,24<br />
1/28/14,40,32,24,24,18,10,85,60,34,30.4,30.28,30.14,10,6,2,16,9,24,0.15,8,Rain,359<br />
1/29/14,36,29,21,18,8,2,84,57,29,30.51,30.41,30.35,10,10,10,13,6,19,0,0,,20<br />
1/30/14,51,34,17,32,23,11,89,64,38,30.36,30.23,30.11,10,10,10,14,6,19,0,0,,118<br />
1/31/14,63,48,32,47,41,31,93,75,56,30.16,30.09,30.03,10,10,10,15,8,20,0,3,,105<br />
2/1/14,77,62,46,61,54,44,100,79,57,30.03,30,29.96,10,10,10,17,9,22,0,7,,129<br />
2/2/14,72,57,41,69,62,39,100,94,87,30.05,29.95,29.86,10,5,0,26,11,35,0.31,8,Fog-Rain,151<br />
2/3/14,49,43,37,41,38,35,92,84,76,30.2,30.12,30.05,10,9,4,15,8,22,0,8,,6<br />
2/4/14,67,55,42,65,53,41,100,94,87,30.07,29.91,29.75,10,4,0,26,9,35,1.66,8,Fog-Rain-Thunderstorm,89<br />
2/5/14,50,43,36,42,34,27,92,74,56,30.36,30.24,30.07,10,10,10,17,8,24,0,6,,352<br />
2/6/14,42,37,31,28,26,23,75,64,53,30.45,30.36,30.32,10,9,7,16,7,21,0.03,3,Rain,15<br />
2/7/14,53,41,28,36,29,24,85,63,41,30.38,30.29,30.2,10,10,10,16,6,22,0.01,4,Rain,22<br />
2/8/14,62,50,37,47,41,34,93,75,57,30.27,30.19,30.12,10,10,10,9,4,12,0.01,5,Rain,65<br />
2/9/14,73,58,42,53,48,40,93,69,44,30.18,30.11,30.04,10,8,5,14,3,20,0,5,,225<br />
2/10/14,57,50,43,55,50,41,93,90,86,30.14,30.08,30.05,10,6,2,14,6,17,0.09,8,Rain,25<br />
2/11/14,43,40,36,41,36,34,93,89,85,30.18,30.09,30.03,10,6,2,21,9,26,2.13,8,Rain-Thunderstorm,16<br />
2/12/14,38,36,34,34,33,31,92,89,85,30.05,30.02,29.95,10,6,1,14,8,20,0.12,8,Rain,326<br />
2/13/14,55,42,29,37,32,28,92,67,41,30.12,30.05,30,10,8,2,12,3,15,0,3,,338<br />
2/14/14,66,49,32,55,45,30,93,75,56,30.01,29.94,29.84,10,10,8,24,10,29,0,3,,209<br />
2/15/14,65,53,40,40,30,22,66,43,19,30.23,30.13,30.02,10,10,8,14,4,22,0,0,,66<br />
2/16/14,71,54,37,55,47,36,92,73,53,30.18,30.13,30.09,10,10,10,10,4,13,0,4,,134<br />
2/17/14,78,66,53,63,59,54,93,76,58,30.13,30.1,30.06,10,9,3,20,9,25,0,6,,188<br />
2/18/14,74,69,63,63,62,58,100,83,66,30.16,30.1,30.04,10,6,0,17,9,22,0,6,Fog,185<br />
2/19/14,81,72,63,64,62,56,93,68,42,30.07,30,29.93,10,9,7,18,9,23,0,6,,171<br />
2/20/14,82,73,63,68,64,58,93,74,54,29.95,29.89,29.8,10,8,1,29,15,36,1.18,7,Rain,188<br />
2/21/14,67,55,43,50,34,23,83,53,22,30.15,30.1,30,10,10,10,21,6,32,0.01,1,,26<br />
2/22/14,66,55,43,48,39,31,89,59,28,30.16,30.06,29.99,10,10,10,15,6,28,0,0,,81<br />
2/23/14,64,60,55,62,57,50,100,86,72,30.03,29.99,29.96,10,6,0,10,4,24,0.48,8,Fog-Rain-Thunderstorm,56<br />
2/24/14,73,64,55,61,57,53,93,73,53,30.14,30.07,30.01,10,5,0,16,6,21,0,6,Fog,64<br />
2/25/14,69,62,55,61,59,54,93,86,78,30.09,29.99,29.92,10,6,1,13,2,22,0.57,7,Rain-Thunderstorm,13<br />
2/26/14,60,49,37,57,42,25,100,77,53,30.12,30,29.89,10,9,2,18,9,28,0.58,6,Rain,2<br />
2/27/14,57,44,30,33,25,18,85,54,22,30.18,30.09,30.02,10,10,10,13,4,23,0,0,,355<br />
2/28/14,65,49,32,50,39,29,89,65,40,30.09,30.02,29.97,10,10,10,20,8,25,0,3,,128<br />
3/1/14,80,67,54,61,56,50,87,68,48,30.14,30.08,30.02,10,10,10,17,7,21,0,4,,139<br />
3/2/14,82,72,62,64,61,60,93,72,51,30.13,30.05,29.95,10,9,5,21,11,25,0,6,,150<br />
3/3/14,70,50,30,59,36,23,89,73,57,30.25,30.14,29.97,10,9,2,22,10,34,0.26,7,Rain,333<br />
3/4/14,37,33,29,33,28,23,92,82,72,30.24,30.18,30.09,10,7,3,14,6,40,0.37,8,Rain,32<br />
3/5/14,61,49,36,48,41,33,92,76,60,30.12,30.06,29.97,10,8,3,12,6,25,0,7,,36<br />
3/6/14,50,47,43,46,43,39,92,88,83,30.08,30.03,29.99,10,7,2,14,7,20,0.08,8,Rain,327<br />
3/7/14,60,51,42,44,42,40,89,71,53,30.14,30.07,30.01,10,10,7,9,4,14,0,4,,51<br />
3/8/14,71,59,46,52,48,44,93,70,47,30.18,30.12,30.05,10,8,2,9,4,15,0,3,,125<br />
3/9/14,72,63,53,54,52,51,93,71,49,30.25,30.18,30.12,10,10,7,9,1,14,0,2,,11<br />
3/10/14,79,64,49,58,51,47,93,67,40,30.17,30.09,29.96,10,8,2,12,3,25,0,0,,180<br />
3/11/14,73,67,61,64,61,57,93,81,68,29.94,29.78,29.67,10,8,2,14,6,18,0.15,6,Rain,148<br />
3/12/14,70,59,47,58,50,30,90,62,34,30.19,29.89,29.73,10,10,8,20,9,30,0,5,,297<br />
3/13/14,68,52,37,39,31,25,86,50,21,30.33,30.25,30.21,10,10,10,9,2,,0,0,,213<br />
3/14/14,71,55,39,53,44,36,92,68,44,30.25,30.17,30.1,10,10,10,20,8,26,0,4,,125<br />
3/15/14,73,66,59,62,58,54,87,74,61,30.09,29.97,29.78,10,10,9,15,8,26,0.51,8,Rain,88<br />
3/16/14,79,66,52,67,60,46,90,66,42,29.81,29.72,29.62,10,9,2,25,12,32,0.14,6,Rain,250<br />
3/17/14,52,45,38,44,35,33,76,68,60,29.91,29.85,29.79,10,10,10,15,8,21,0,8,,334<br />
3/18/14,69,54,38,46,40,35,85,62,39,29.98,29.92,29.88,10,10,10,20,6,23,0,2,,166<br />
3/19/14,79,63,46,57,51,44,93,68,42,30.11,30.06,29.97,10,7,2,12,5,24,0,2,,111<br />
3/20/14,77,64,50,57,44,38,90,59,27,30.18,30.11,30.06,10,10,10,14,5,28,0,3,,347<br />
3/21/14,80,63,45,52,46,41,86,58,30,30.09,30.04,29.97,10,10,9,18,7,26,0,0,,152<br />
3/22/14,84,71,57,65,58,52,86,64,42,30.05,30,29.95,10,10,7,15,4,21,0,5,,148<br />
3/23/14,69,61,52,65,57,43,93,77,60,30.2,30.07,29.97,10,9,2,18,8,25,0.04,7,Rain,325<br />
3/24/14,70,60,50,47,43,38,77,57,37,30.17,30.08,29.97,10,10,10,14,5,16,T,5,Rain,28<br />
3/25/14,68,56,43,37,29,22,70,44,18,30.29,30.2,30.09,10,10,10,20,6,29,0,0,,8<br />
3/26/14,61,50,38,39,32,27,65,50,35,30.36,30.26,30.16,10,10,10,18,9,24,T,1,,92<br />
3/27/14,70,60,50,62,54,40,87,75,63,30.16,30.03,29.94,10,10,3,18,11,26,0.09,7,Rain,117<br />
3/28/14,82,72,62,71,65,59,93,81,69,29.99,29.88,29.83,10,7,1,25,11,30,1.58,8,Rain-Thunderstorm,174<br />
3/29/14,74,62,50,59,53,36,100,66,31,30.23,30.02,29.88,10,7,0,18,6,29,T,3,Fog-Rain,324<br />
3/30/14,74,59,43,46,41,37,89,59,29,30.29,30.21,30.14,10,10,10,13,3,16,0,0,,54<br />
3/31/14,79,60,41,55,46,39,93,60,27,30.14,30.09,30.03,10,10,7,20,7,25,0,0,,139<br />